,med,med,med,med,med,med,med,med,med,med,med,med,med,params,params,params,params,params,params,params,game,game,med_freqs,med_freqs,med_freqs,med_freqs,med_freqs,med_freqs,med_freqs,med_freqs,med_freqs,med_freqs,med_freqs,med_freqs,med_freqs,agents,agents,agents,net,net,net,net,meta
,NO_MED,GOOD_MED,BAD_MED,RANDOM_MED,FAIR_MED,GOOD_MED_X,BAD_MED_X,RANDOM_MED_X,FAIR_MED_X,GOOD_MED_LOCAL,BAD_MED_LOCAL,RANDOM_MED_LOCAL,FAIR_MED_LOCAL,W1,W2,N,episode_n,beta,k,endOnStratConverge,t,s,NO_MED,GOOD_MED,BAD_MED,RANDOM_MED,FAIR_MED,GOOD_MED_X,BAD_MED_X,RANDOM_MED_X,FAIR_MED_X,GOOD_MED_LOCAL,BAD_MED_LOCAL,RANDOM_MED_LOCAL,FAIR_MED_LOCAL,coop_freq,payoff_mean,payoff_var,heterogeneity,k_max,rewire_n,stop_n,timestamp
0,0.0,1,0.0,0.0,0.0,0.0,0.0,0.0,0.0,0.0,0.0,0.0,0.0,0.0,0.0,500,100000,0.004999999888241291,30,True,0.0,-1.0,0.0,1.0,0.0,0.0,0.0,0.0,0.0,0.0,0.0,0.0,0.0,0.0,0.0,1.0,30.0,0.0,0.0,30,0,75000,Jul-15-2021_1624
1,0.0,1,0.0,0.0,0.0,0.0,0.0,0.0,0.0,0.0,0.0,0.0,0.0,0.0,0.0,500,100000,0.004999999888241291,30,True,0.0,1.0,0.0,1.0,0.0,0.0,0.0,0.0,0.0,0.0,0.0,0.0,0.0,0.0,0.0,1.0,30.0,0.0,0.0,30,0,40000,Jul-15-2021_1624
2,0.0,1,0.0,0.0,0.0,0.0,0.0,0.0,0.0,0.0,0.0,0.0,0.0,0.0,0.0,500,100000,0.004999999888241291,30,True,2.0,-1.0,0.0,1.0,0.0,0.0,0.0,0.0,0.0,0.0,0.0,0.0,0.0,0.0,0.0,0.0,0.0,0.0,0.0,30,0,40000,Jul-15-2021_1624
3,0.0,1,0.0,0.0,0.0,0.0,0.0,0.0,0.0,0.0,0.0,0.0,0.0,0.0,0.0,500,100000,0.004999999888241291,30,True,2.0,1.0,0.0,1.0,0.0,0.0,0.0,0.0,0.0,0.0,0.0,0.0,0.0,0.0,0.0,0.612,32.12,19.4896,0.0,30,0,99999,Jul-15-2021_1624
4,0.0,1,0.0,0.0,0.0,0.0,0.0,0.0,0.0,0.0,0.0,0.0,0.0,1.0,0.0,500,100000,0.004999999888241291,30,True,0.0,-1.0,0.0,1.0,0.0,0.0,0.0,0.0,0.0,0.0,0.0,0.0,0.0,0.0,0.0,1.0,30.0,61.856,61.855999999999995,54,7475,95000,Jul-15-2021_1624
5,0.0,1,0.0,0.0,0.0,0.0,0.0,0.0,0.0,0.0,0.0,0.0,0.0,1.0,0.0,500,100000,0.004999999888241291,30,True,0.0,1.0,0.0,1.0,0.0,0.0,0.0,0.0,0.0,0.0,0.0,0.0,0.0,0.0,0.0,1.0,30.0,32.968,32.96799999999996,44,3662,65000,Jul-15-2021_1624
6,0.0,1,0.0,0.0,0.0,0.0,0.0,0.0,0.0,0.0,0.0,0.0,0.0,1.0,0.0,500,100000,0.004999999888241291,30,True,2.0,-1.0,0.0,1.0,0.0,0.0,0.0,0.0,0.0,0.0,0.0,0.0,0.0,0.0,0.0,0.596,18.302,271.94679599999995,99.452,68,14864,99999,Jul-15-2021_1624
7,0.0,1,0.0,0.0,0.0,0.0,0.0,0.0,0.0,0.0,0.0,0.0,0.0,1.0,0.0,500,100000,0.004999999888241291,30,True,2.0,1.0,0.0,1.0,0.0,0.0,0.0,0.0,0.0,0.0,0.0,0.0,0.0,0.0,0.0,0.746,33.632,137.920576,79.95600000000002,60,12080,99999,Jul-15-2021_1624
